A;B
Время в Москве;T
31.10.2019 21:00;-3.1
31.10.2019 18:00;-2.5
31.10.2019 15:00;-2.2
31.10.2019 12:00;-2.6
31.10.2019 09:00;-3.2
31.10.2019 06:00;-3.4
31.10.2019 03:00;-3.1
31.10.2019 00:00;-3.1
30.10.2019 21:00;-2.1
30.10.2019 18:00;-1.8
30.10.2019 15:00;-1.2
30.10.2019 12:00;-0.8
30.10.2019 09:00;-0.4
30.10.2019 06:00;0.3
30.10.2019 03:00;2
30.10.2019 00:00;3.1
29.10.2019 21:00;3.4
29.10.2019 18:00;4
29.10.2019 15:00;5.5
29.10.2019 12:00;5.6
29.10.2019 09:00;3.5
29.10.2019 06:00;2.5
29.10.2019 03:00;2.6
29.10.2019 00:00;3.3
28.10.2019 21:00;4.2
28.10.2019 18:00;5.1
28.10.2019 15:00;7.2
28.10.2019 12:00;6.8
28.10.2019 09:00;6.1
28.10.2019 06:00;7.6
28.10.2019 03:00;11.7
28.10.2019 00:00;12.6
27.10.2019 21:00;12.2
27.10.2019 18:00;12.8
27.10.2019 15:00;13.1
27.10.2019 12:00;13
27.10.2019 09:00;13
27.10.2019 06:00;12.8
27.10.2019 03:00;12.3
27.10.2019 00:00;11.3
26.10.2019 21:00;11
26.10.2019 18:00;11.7
26.10.2019 15:00;13
26.10.2019 12:00;11.8
26.10.2019 09:00;9.9
26.10.2019 06:00;8.7
26.10.2019 03:00;8.4
26.10.2019 00:00;8.7
25.10.2019 21:00;8.8
25.10.2019 18:00;10.1
25.10.2019 15:00;12.4
25.10.2019 12:00;11.8
25.10.2019 09:00;10
25.10.2019 06:00;9.1
25.10.2019 03:00;9.3
25.10.2019 00:00;9.3
24.10.2019 21:00;10
24.10.2019 18:00;10.2
24.10.2019 15:00;10.6
24.10.2019 12:00;11.2
24.10.2019 09:00;10.2
24.10.2019 06:00;10
24.10.2019 03:00;10.7
24.10.2019 00:00;11.3
23.10.2019 21:00;11.9
23.10.2019 18:00;12.3
23.10.2019 15:00;13.4
23.10.2019 12:00;13.3
23.10.2019 09:00;12.3
23.10.2019 06:00;12.5
23.10.2019 03:00;12.3
23.10.2019 00:00;11.3
22.10.2019 21:00;8.8
22.10.2019 18:00;8.1
22.10.2019 15:00;10
22.10.2019 12:00;10.1
22.10.2019 09:00;8.4
22.10.2019 06:00;7.9
22.10.2019 03:00;8
22.10.2019 00:00;9.3
21.10.2019 21:00;9.8
21.10.2019 18:00;15.1
21.10.2019 15:00;17.3
21.10.2019 12:00;16.1
21.10.2019 09:00;13.9
21.10.2019 06:00;12.4
21.10.2019 03:00;11.8
21.10.2019 00:00;12.9
20.10.2019 21:00;16
20.10.2019 18:00;14.7
20.10.2019 15:00;16.2
20.10.2019 12:00;14.7
20.10.2019 09:00;13
20.10.2019 06:00;12
20.10.2019 03:00;13.4
20.10.2019 00:00;14.1
19.10.2019 21:00;14
19.10.2019 18:00;14
19.10.2019 15:00;15.7
19.10.2019 12:00;15.3
19.10.2019 09:00;13
19.10.2019 06:00;9.7
19.10.2019 03:00;9.1
19.10.2019 00:00;10.5
18.10.2019 21:00;12.7
18.10.2019 18:00;13
18.10.2019 15:00;14.9
18.10.2019 12:00;13.4
18.10.2019 09:00;12.5
18.10.2019 06:00;11.8
18.10.2019 03:00;12.2
18.10.2019 00:00;14.5
17.10.2019 21:00;16.3
17.10.2019 18:00;17
17.10.2019 15:00;17.5
17.10.2019 12:00;15.1
17.10.2019 09:00;11.8
17.10.2019 06:00;9.6
17.10.2019 03:00;9.2
17.10.2019 00:00;8.3
16.10.2019 21:00;7.9
16.10.2019 18:00;8
16.10.2019 15:00;7.9
16.10.2019 12:00;6.2
16.10.2019 09:00;3
16.10.2019 06:00;0.3
16.10.2019 03:00;1
16.10.2019 00:00;3.8
15.10.2019 21:00;4.2
15.10.2019 18:00;5.9
15.10.2019 15:00;6.2
15.10.2019 12:00;8.1
15.10.2019 09:00;11.2
15.10.2019 06:00;13
15.10.2019 03:00;15.3
15.10.2019 00:00;16.6
14.10.2019 21:00;17.2
14.10.2019 18:00;12.5
14.10.2019 15:00;11.2
14.10.2019 12:00;10.7
14.10.2019 09:00;8.3
14.10.2019 06:00;7.3
14.10.2019 03:00;10.1
14.10.2019 00:00;10.4
13.10.2019 21:00;10.1
13.10.2019 18:00;11.4
13.10.2019 15:00;12
13.10.2019 12:00;11.1
13.10.2019 09:00;9.4
13.10.2019 06:00;8.2
13.10.2019 03:00;8.6
13.10.2019 00:00;8.5
12.10.2019 21:00;11.6
12.10.2019 18:00;11
12.10.2019 15:00;10.1
12.10.2019 12:00;12
12.10.2019 09:00;9
12.10.2019 06:00;8.8
12.10.2019 03:00;8.9
12.10.2019 00:00;9.1
11.10.2019 21:00;9.8
11.10.2019 18:00;9.8
11.10.2019 15:00;10.2
11.10.2019 12:00;10.4
11.10.2019 09:00;8.5
11.10.2019 06:00;7.9
11.10.2019 03:00;7.8
11.10.2019 00:00;8.1
10.10.2019 21:00;8.3
10.10.2019 18:00;7.7
10.10.2019 15:00;8.4
10.10.2019 12:00;8.6
10.10.2019 09:00;7.4
10.10.2019 06:00;5.8
10.10.2019 03:00;5.7
10.10.2019 00:00;5.4
09.10.2019 21:00;4.5
09.10.2019 18:00;3.6
09.10.2019 15:00;4.1
09.10.2019 12:00;6
09.10.2019 09:00;4.4
09.10.2019 06:00;3.3
09.10.2019 03:00;3.1
09.10.2019 00:00;3.5
08.10.2019 21:00;4.1
08.10.2019 18:00;4.3
08.10.2019 15:00;5.2
08.10.2019 12:00;4.4
08.10.2019 09:00;1.6
08.10.2019 06:00;0.5
08.10.2019 03:00;0.8
08.10.2019 00:00;1.6
07.10.2019 21:00;2.6
07.10.2019 18:00;3.1
07.10.2019 15:00;3
07.10.2019 12:00;3.5
07.10.2019 09:00;1.6
07.10.2019 06:00;1.4
07.10.2019 03:00;1.5
07.10.2019 00:00;1.2
06.10.2019 21:00;1
06.10.2019 18:00;1.7
06.10.2019 15:00;1.8
06.10.2019 12:00;2.4
06.10.2019 09:00;2.1
06.10.2019 06:00;4.2
06.10.2019 03:00;4.5
06.10.2019 00:00;5.4
05.10.2019 21:00;7.1
05.10.2019 18:00;8.7
05.10.2019 15:00;9.8
05.10.2019 12:00;9.5
05.10.2019 09:00;7.6
05.10.2019 06:00;3.9
05.10.2019 03:00;5.9
05.10.2019 00:00;6.3
04.10.2019 21:00;8.2
04.10.2019 18:00;9.2
04.10.2019 15:00;10.1
04.10.2019 12:00;9.6
04.10.2019 09:00;13.2
04.10.2019 06:00;14.1
04.10.2019 03:00;15
04.10.2019 00:00;15.4
03.10.2019 21:00;16.3
03.10.2019 18:00;18.2
03.10.2019 15:00;20.9
03.10.2019 12:00;17.6
03.10.2019 09:00;14.8
03.10.2019 06:00;12
03.10.2019 03:00;13.1
03.10.2019 00:00;15
02.10.2019 21:00;15.5
02.10.2019 18:00;15.5
02.10.2019 15:00;14.7
02.10.2019 12:00;12.9
02.10.2019 09:00;10.3
02.10.2019 06:00;8.5
02.10.2019 03:00;6.2
02.10.2019 00:00;6.5
01.10.2019 21:00;9.5
01.10.2019 18:00;11.8
01.10.2019 15:00;15.1
01.10.2019 12:00;16
01.10.2019 09:00;14.3
01.10.2019 06:00;13.8
01.10.2019 03:00;13.9
01.10.2019 00:00;13.3
30.09.2019 21:00;12.5
30.09.2019 18:00;13.3
30.09.2019 15:00;14
30.09.2019 12:00;12.9
30.09.2019 09:00;10.9
30.09.2019 06:00;9.9
30.09.2019 03:00;9.4
30.09.2019 00:00;9.3
29.09.2019 21:00;9.3
29.09.2019 18:00;9.2
29.09.2019 15:00;8.8
29.09.2019 12:00;10.7
29.09.2019 09:00;9.1
29.09.2019 06:00;8.4
29.09.2019 03:00;8.4
29.09.2019 00:00;8.6
28.09.2019 21:00;8.7
28.09.2019 18:00;9.2
28.09.2019 15:00;10.5
28.09.2019 12:00;11.8
28.09.2019 09:00;9.3
28.09.2019 06:00;5.3
28.09.2019 03:00;7.2
28.09.2019 00:00;8.1
27.09.2019 21:00;8.3
27.09.2019 18:00;8.9
27.09.2019 15:00;10.5
27.09.2019 12:00;10.4
27.09.2019 09:00;6.1
27.09.2019 06:00;1.4
27.09.2019 03:00;3.2
27.09.2019 00:00;2.5
26.09.2019 21:00;4.9
26.09.2019 18:00;9.3
26.09.2019 15:00;11.7
26.09.2019 12:00;9.9
26.09.2019 09:00;6.1
26.09.2019 06:00;4.6
26.09.2019 03:00;4.4
26.09.2019 00:00;4.4
25.09.2019 21:00;4.6
25.09.2019 18:00;5
25.09.2019 15:00;6.4
25.09.2019 12:00;8.2
25.09.2019 09:00;5
25.09.2019 06:00;3.2
25.09.2019 03:00;2.8
25.09.2019 00:00;3.6
24.09.2019 21:00;4.2
24.09.2019 18:00;5.3
24.09.2019 15:00;6.3
24.09.2019 12:00;6.2
24.09.2019 09:00;3.8
24.09.2019 06:00;2.3
24.09.2019 03:00;1.3
24.09.2019 00:00;3.7
23.09.2019 21:00;4.7
23.09.2019 18:00;6.7
23.09.2019 15:00;7.6
23.09.2019 12:00;6.7
23.09.2019 09:00;3.5
23.09.2019 06:00;3.9
23.09.2019 03:00;4
23.09.2019 00:00;4.4
22.09.2019 21:00;4.3
22.09.2019 18:00;4.4
22.09.2019 15:00;5.8
22.09.2019 12:00;6.1
22.09.2019 09:00;5.7
22.09.2019 06:00;5.5
22.09.2019 03:00;5.1
22.09.2019 00:00;5.3
21.09.2019 21:00;6.7
21.09.2019 18:00;7.8
21.09.2019 15:00;8.6
21.09.2019 12:00;8.4
21.09.2019 09:00;3.6
21.09.2019 06:00;2.8
21.09.2019 03:00;3.6
21.09.2019 00:00;5.1
20.09.2019 21:00;4.5
20.09.2019 18:00;6.7
20.09.2019 15:00;5.7
20.09.2019 12:00;9.7
20.09.2019 09:00;8.3
20.09.2019 06:00;3.6
20.09.2019 03:00;4.6
20.09.2019 00:00;7
19.09.2019 21:00;7.9
19.09.2019 18:00;9.4
19.09.2019 15:00;11.4
19.09.2019 12:00;10.7
19.09.2019 09:00;8.4
19.09.2019 06:00;7.2
19.09.2019 03:00;7.6
19.09.2019 00:00;6.8
18.09.2019 21:00;8.8
18.09.2019 18:00;9.9
18.09.2019 15:00;13.4
18.09.2019 12:00;11
18.09.2019 09:00;8.9
18.09.2019 06:00;7.7
18.09.2019 03:00;6.5
18.09.2019 00:00;8.1
17.09.2019 21:00;9.2
17.09.2019 18:00;9.7
17.09.2019 15:00;11.2
17.09.2019 12:00;11.1
17.09.2019 09:00;10
17.09.2019 06:00;9.4
17.09.2019 03:00;9.2
17.09.2019 00:00;10.7
16.09.2019 21:00;11.6
16.09.2019 18:00;13.3
16.09.2019 15:00;14.6
16.09.2019 12:00;11.6
16.09.2019 09:00;12.3
16.09.2019 06:00;11
16.09.2019 03:00;10.3
16.09.2019 00:00;9
15.09.2019 21:00;9.3
15.09.2019 18:00;12.2
15.09.2019 15:00;12.4
15.09.2019 12:00;10.3
15.09.2019 09:00;8.6
15.09.2019 06:00;7.4
15.09.2019 03:00;8.2
15.09.2019 00:00;8.6
14.09.2019 21:00;10.6
14.09.2019 18:00;13.8
14.09.2019 15:00;16.2
14.09.2019 12:00;14.6
14.09.2019 09:00;13.5
14.09.2019 06:00;14.3
14.09.2019 03:00;16.3
14.09.2019 00:00;17.6
13.09.2019 21:00;17.4
13.09.2019 18:00;20.6
13.09.2019 15:00;22.1
13.09.2019 12:00;21.9
13.09.2019 09:00;19.3
13.09.2019 06:00;11.8
13.09.2019 03:00;16.5
13.09.2019 00:00;18.4
12.09.2019 21:00;18.2
12.09.2019 18:00;23.2
12.09.2019 15:00;25.8
12.09.2019 12:00;25.1
12.09.2019 09:00;20.6
12.09.2019 06:00;10.8
12.09.2019 03:00;12.7
12.09.2019 00:00;13.8
11.09.2019 21:00;18.2
11.09.2019 18:00;24
11.09.2019 15:00;26.6
11.09.2019 12:00;26.3
11.09.2019 09:00;20.6
11.09.2019 06:00;12.1
11.09.2019 03:00;12.9
11.09.2019 00:00;14
10.09.2019 21:00;16.5
10.09.2019 18:00;22.1
10.09.2019 15:00;25.1
10.09.2019 12:00;23.2
10.09.2019 09:00;17.4
10.09.2019 06:00;10.6
10.09.2019 03:00;11.2
10.09.2019 00:00;12.3
09.09.2019 21:00;15.6
09.09.2019 18:00;21.6
09.09.2019 15:00;23.1
09.09.2019 12:00;22.4
09.09.2019 09:00;17.5
09.09.2019 06:00;11.2
09.09.2019 03:00;11.7
09.09.2019 00:00;13.1
08.09.2019 21:00;15.7
08.09.2019 18:00;21.8
08.09.2019 15:00;22.2
08.09.2019 12:00;20.7
08.09.2019 09:00;16.1
08.09.2019 06:00;11.9
08.09.2019 03:00;12.6
08.09.2019 00:00;13.9
07.09.2019 21:00;18
07.09.2019 18:00;20.8
07.09.2019 15:00;22
07.09.2019 12:00;21.6
07.09.2019 09:00;17.5
07.09.2019 06:00;11.9
07.09.2019 03:00;13.8
07.09.2019 00:00;15.2
06.09.2019 21:00;17.8
06.09.2019 18:00;20.6
06.09.2019 15:00;23.3
06.09.2019 12:00;20.6
06.09.2019 09:00;15.9
06.09.2019 06:00;12.1
06.09.2019 03:00;13.4
06.09.2019 00:00;12.4
05.09.2019 21:00;14.8
05.09.2019 18:00;17.3
05.09.2019 15:00;16.1
05.09.2019 12:00;15.3
05.09.2019 09:00;14.5
05.09.2019 06:00;15
05.09.2019 03:00;16.6
05.09.2019 00:00;16.7
04.09.2019 21:00;17.6
04.09.2019 18:00;22.3
04.09.2019 15:00;22.8
04.09.2019 12:00;23.1
04.09.2019 09:00;16.6
04.09.2019 06:00;15.8
04.09.2019 03:00;16.7
04.09.2019 00:00;17.9
03.09.2019 21:00;17.8
03.09.2019 18:00;21.7
03.09.2019 15:00;23.4
03.09.2019 12:00;22
03.09.2019 09:00;19.1
03.09.2019 06:00;12.2
03.09.2019 03:00;13
03.09.2019 00:00;15.1
02.09.2019 21:00;18.6
02.09.2019 18:00;21.1
02.09.2019 15:00;22.2
02.09.2019 12:00;22.8
02.09.2019 09:00;20.2
02.09.2019 06:00;14.4
02.09.2019 03:00;13.5
02.09.2019 00:00;14
01.09.2019 21:00;17.4
01.09.2019 18:00;22.9
01.09.2019 15:00;24.4
01.09.2019 12:00;23
01.09.2019 09:00;20
01.09.2019 06:00;12.2
01.09.2019 03:00;12.8
01.09.2019 00:00;13.7
31.08.2019 21:00;16.3
31.08.2019 18:00;21.9
31.08.2019 15:00;23.8
31.08.2019 12:00;20.3
31.08.2019 09:00;14
31.08.2019 06:00;13.2
31.08.2019 03:00;13.2
31.08.2019 00:00;14.4
30.08.2019 21:00;18.1
30.08.2019 18:00;22.2
30.08.2019 15:00;24.8
30.08.2019 12:00;22.3
30.08.2019 09:00;18.5
30.08.2019 06:00;10.2
30.08.2019 03:00;11.6
30.08.2019 00:00;13.4
29.08.2019 21:00;17.1
29.08.2019 18:00;21.2
29.08.2019 15:00;22.2
29.08.2019 12:00;19.7
29.08.2019 09:00;15.8
29.08.2019 06:00;7.8
29.08.2019 03:00;7.8
29.08.2019 00:00;8.8
28.08.2019 21:00;12.2
28.08.2019 18:00;16.9
28.08.2019 15:00;17.4
28.08.2019 12:00;15.3
28.08.2019 09:00;13.1
28.08.2019 06:00;10.4
28.08.2019 03:00;12.3
28.08.2019 00:00;14.3
27.08.2019 21:00;17.3
27.08.2019 18:00;20.3
27.08.2019 15:00;20.7
27.08.2019 12:00;20.5
27.08.2019 09:00;18
27.08.2019 06:00;16.5
27.08.2019 03:00;17
27.08.2019 00:00;17.5
26.08.2019 21:00;17.3
26.08.2019 18:00;20.9
26.08.2019 15:00;22.2
26.08.2019 12:00;19.5
26.08.2019 09:00;16.7
26.08.2019 06:00;9.1
26.08.2019 03:00;9.6
26.08.2019 00:00;10.6
25.08.2019 21:00;13.9
25.08.2019 18:00;18.1
25.08.2019 15:00;20.4
25.08.2019 12:00;19.3
25.08.2019 09:00;16.2
25.08.2019 06:00;12.7
25.08.2019 03:00;13.3
25.08.2019 00:00;16.5
24.08.2019 21:00;19.9
24.08.2019 18:00;22.1
24.08.2019 15:00;23.4
24.08.2019 12:00;21.6
24.08.2019 09:00;19.5
24.08.2019 06:00;10.7
24.08.2019 03:00;11.3
24.08.2019 00:00;12.5
23.08.2019 21:00;15
23.08.2019 18:00;21.5
23.08.2019 15:00;22.2
23.08.2019 12:00;21.1
23.08.2019 09:00;17.8
23.08.2019 06:00;11.4
23.08.2019 03:00;12.2
23.08.2019 00:00;15.1
22.08.2019 21:00;16.6
22.08.2019 18:00;18.9
22.08.2019 15:00;19.6
22.08.2019 12:00;23.8
22.08.2019 09:00;25.3
22.08.2019 06:00;18.7
22.08.2019 03:00;19.4
22.08.2019 00:00;19.7
21.08.2019 21:00;20.4
21.08.2019 18:00;24.3
21.08.2019 15:00;25.1
21.08.2019 12:00;23.6
21.08.2019 09:00;21.5
21.08.2019 06:00;16.6
21.08.2019 03:00;17
21.08.2019 00:00;18.6
20.08.2019 21:00;22.2
20.08.2019 18:00;26.6
20.08.2019 15:00;27.5
20.08.2019 12:00;26.4
20.08.2019 09:00;21.9
20.08.2019 06:00;13.4
20.08.2019 03:00;13.5
20.08.2019 00:00;14.1
19.08.2019 21:00;16.5
19.08.2019 18:00;20.4
19.08.2019 15:00;21.1
19.08.2019 12:00;18.8
19.08.2019 09:00;16.4
19.08.2019 06:00;15.5
19.08.2019 03:00;16.2
19.08.2019 00:00;17.1
18.08.2019 21:00;18
18.08.2019 18:00;20.5
18.08.2019 15:00;22.2
18.08.2019 12:00;19.7
18.08.2019 09:00;17.8
18.08.2019 06:00;17.2
18.08.2019 03:00;15.9
18.08.2019 00:00;15
17.08.2019 21:00;15.8
17.08.2019 18:00;17.3
17.08.2019 15:00;16.8
17.08.2019 12:00;16.3
17.08.2019 09:00;15.9
17.08.2019 06:00;13.9
17.08.2019 03:00;14.3
17.08.2019 00:00;15.8
16.08.2019 21:00;16.9
16.08.2019 18:00;18.4
16.08.2019 15:00;18.7
16.08.2019 12:00;16.8
16.08.2019 09:00;15.5
16.08.2019 06:00;14.9
16.08.2019 03:00;15.2
16.08.2019 00:00;14.8
15.08.2019 21:00;17.7
15.08.2019 18:00;19.4
15.08.2019 15:00;19.8
15.08.2019 12:00;20.5
15.08.2019 09:00;22.8
15.08.2019 06:00;16.9
15.08.2019 03:00;16.9
15.08.2019 00:00;18.2
14.08.2019 21:00;19.8
14.08.2019 18:00;22.4
14.08.2019 15:00;22.5
14.08.2019 12:00;19.2
14.08.2019 09:00;17.8
14.08.2019 06:00;18.7
14.08.2019 03:00;19.5
14.08.2019 00:00;20.4
13.08.2019 21:00;21.4
13.08.2019 18:00;22.2
13.08.2019 15:00;23.1
13.08.2019 12:00;23.1
13.08.2019 09:00;21.1
13.08.2019 06:00;11.3
13.08.2019 03:00;12.1
13.08.2019 00:00;13
12.08.2019 21:00;15.7
12.08.2019 18:00;21.3
12.08.2019 15:00;20.6
12.08.2019 12:00;18.9
12.08.2019 09:00;14.8
12.08.2019 06:00;8.5
12.08.2019 03:00;8.3
12.08.2019 00:00;10.6
11.08.2019 21:00;13.3
11.08.2019 18:00;18.7
11.08.2019 15:00;19.1
11.08.2019 12:00;17.2
11.08.2019 09:00;14.2
11.08.2019 06:00;10.2
11.08.2019 03:00;10.7
11.08.2019 00:00;13.4
10.08.2019 21:00;15
10.08.2019 18:00;16.9
10.08.2019 15:00;14
10.08.2019 12:00;12.4
10.08.2019 09:00;12.2
10.08.2019 06:00;12.8
10.08.2019 03:00;14.7
10.08.2019 00:00;14.7
09.08.2019 21:00;15
09.08.2019 18:00;15.4
09.08.2019 15:00;15.3
09.08.2019 12:00;15
09.08.2019 09:00;14.8
09.08.2019 06:00;17
09.08.2019 03:00;17.9
09.08.2019 00:00;19
08.08.2019 21:00;21.9
08.08.2019 18:00;24.5
08.08.2019 15:00;25.5
08.08.2019 12:00;23.3
08.08.2019 09:00;18.7
08.08.2019 06:00;14.1
08.08.2019 03:00;14.4
08.08.2019 00:00;14.8
07.08.2019 21:00;16
07.08.2019 18:00;20.7
07.08.2019 15:00;21
07.08.2019 12:00;20.7
07.08.2019 09:00;18
07.08.2019 06:00;11.7
07.08.2019 03:00;11.8
07.08.2019 00:00;11.9
06.08.2019 21:00;13.1
06.08.2019 18:00;18
06.08.2019 15:00;18.6
06.08.2019 12:00;15
06.08.2019 09:00;11.1
06.08.2019 06:00;9.5
06.08.2019 03:00;9.6
06.08.2019 00:00;9.6
05.08.2019 21:00;10.2
05.08.2019 18:00;11.1
05.08.2019 15:00;14
05.08.2019 12:00;13.2
05.08.2019 09:00;11.5
05.08.2019 06:00;8.8
05.08.2019 03:00;7.5
05.08.2019 00:00;7.8
04.08.2019 21:00;11
04.08.2019 18:00;13
04.08.2019 15:00;12.9
04.08.2019 12:00;11.2
04.08.2019 09:00;10.5
04.08.2019 06:00;9.1
04.08.2019 03:00;11.2
04.08.2019 00:00;12.4
03.08.2019 21:00;11.9
03.08.2019 18:00;15.8
03.08.2019 15:00;17.1
03.08.2019 12:00;15.5
03.08.2019 09:00;13.3
03.08.2019 06:00;11.9
03.08.2019 03:00;11.9
03.08.2019 00:00;12.8
02.08.2019 21:00;13.8
02.08.2019 18:00;15.5
02.08.2019 15:00;15.5
02.08.2019 12:00;13.4
02.08.2019 09:00;11.8
02.08.2019 06:00;12.2
02.08.2019 03:00;12.2
02.08.2019 00:00;12.5
01.08.2019 21:00;13.4
01.08.2019 18:00;14.7
01.08.2019 15:00;15
01.08.2019 12:00;14.1
01.08.2019 09:00;12.7
01.08.2019 06:00;12
01.08.2019 03:00;11.7
01.08.2019 00:00;12.2
31.07.2019 21:00;12.3
31.07.2019 18:00;14.2
31.07.2019 15:00;14.4
31.07.2019 12:00;10.9
31.07.2019 09:00;9.2
31.07.2019 06:00;8.9
31.07.2019 03:00;10.6
31.07.2019 00:00;12.2
30.07.2019 21:00;12.9
30.07.2019 18:00;15.2
30.07.2019 15:00;16.1
30.07.2019 12:00;14.5
30.07.2019 09:00;12
30.07.2019 06:00;9.7
30.07.2019 03:00;10
30.07.2019 00:00;12.1
29.07.2019 21:00;14.2
29.07.2019 18:00;15.6
29.07.2019 15:00;16.3
29.07.2019 12:00;15.2
29.07.2019 09:00;13
29.07.2019 06:00;10.7
29.07.2019 03:00;12.8
29.07.2019 00:00;16.4
28.07.2019 21:00;21.7
28.07.2019 18:00;24.1
28.07.2019 15:00;24.9
28.07.2019 12:00;25
28.07.2019 09:00;23.5
28.07.2019 06:00;20.1
28.07.2019 03:00;20.8
28.07.2019 00:00;23.4
27.07.2019 21:00;25.1
27.07.2019 18:00;28.3
27.07.2019 15:00;28.5
27.07.2019 12:00;26.5
27.07.2019 09:00;24.1
27.07.2019 06:00;17.6
27.07.2019 03:00;17.7
27.07.2019 00:00;21.8
26.07.2019 21:00;24.3
26.07.2019 18:00;26.3
26.07.2019 15:00;27.7
26.07.2019 12:00;27.4
26.07.2019 09:00;23.5
26.07.2019 06:00;18.8
26.07.2019 03:00;17.3
26.07.2019 00:00;17.9
25.07.2019 21:00;19.8
25.07.2019 18:00;21.4
25.07.2019 15:00;18.8
25.07.2019 12:00;18.9
25.07.2019 09:00;18
25.07.2019 06:00;15.9
25.07.2019 03:00;15.6
25.07.2019 00:00;15.6
24.07.2019 21:00;16.5
24.07.2019 18:00;20
24.07.2019 15:00;19
24.07.2019 12:00;20.7
24.07.2019 09:00;18.5
24.07.2019 06:00;16.9
24.07.2019 03:00;16.7
24.07.2019 00:00;17.1
23.07.2019 21:00;17.6
23.07.2019 18:00;18.8
23.07.2019 15:00;19.1
23.07.2019 12:00;20
23.07.2019 09:00;18
23.07.2019 06:00;17
23.07.2019 03:00;15.6
23.07.2019 00:00;16.6
22.07.2019 21:00;19.8
22.07.2019 18:00;25.2
22.07.2019 15:00;25.6
22.07.2019 12:00;24.1
22.07.2019 09:00;21.4
22.07.2019 06:00;14.3
22.07.2019 03:00;13.8
22.07.2019 00:00;16
21.07.2019 21:00;19.3
21.07.2019 18:00;22.8
21.07.2019 15:00;21.7
21.07.2019 12:00;19
21.07.2019 09:00;18.4
21.07.2019 06:00;16.5
21.07.2019 03:00;16.1
21.07.2019 00:00;16
20.07.2019 21:00;17.9
20.07.2019 18:00;20.2
20.07.2019 15:00;21.7
20.07.2019 12:00;21
20.07.2019 09:00;17.2
20.07.2019 06:00;15.6
20.07.2019 03:00;14.6
20.07.2019 00:00;13.9
19.07.2019 21:00;15
19.07.2019 18:00;20.1
19.07.2019 15:00;20.6
19.07.2019 12:00;15.4
19.07.2019 09:00;14
19.07.2019 06:00;13.3
19.07.2019 03:00;13.3
19.07.2019 00:00;13.4
18.07.2019 21:00;16.2
18.07.2019 18:00;19.9
18.07.2019 15:00;14.9
18.07.2019 12:00;21.5
18.07.2019 09:00;18.1
18.07.2019 06:00;15.8
18.07.2019 03:00;15.3
18.07.2019 00:00;15.3
17.07.2019 21:00;15.3
17.07.2019 18:00;15.3
17.07.2019 15:00;19.9
17.07.2019 12:00;18.8
17.07.2019 09:00;16.5
17.07.2019 06:00;14.7
17.07.2019 03:00;14.7
17.07.2019 00:00;14.8
16.07.2019 21:00;14.8
16.07.2019 18:00;17.6
16.07.2019 15:00;21
16.07.2019 12:00;20.6
16.07.2019 09:00;17.9
16.07.2019 06:00;13.1
16.07.2019 03:00;11.7
16.07.2019 00:00;11.9
15.07.2019 21:00;16.5
15.07.2019 18:00;19.5
15.07.2019 15:00;17.5
15.07.2019 12:00;18.9
15.07.2019 09:00;16.7
15.07.2019 06:00;13.9
15.07.2019 03:00;12.1
15.07.2019 00:00;13.7
14.07.2019 21:00;15.9
14.07.2019 18:00;13.5
14.07.2019 15:00;17.5
14.07.2019 12:00;15.6
14.07.2019 09:00;17.5
14.07.2019 06:00;11
14.07.2019 03:00;10.6
14.07.2019 00:00;13.1
13.07.2019 21:00;16
13.07.2019 18:00;17.6
13.07.2019 15:00;18.3
13.07.2019 12:00;17.1
13.07.2019 09:00;13.6
13.07.2019 06:00;11.6
13.07.2019 03:00;12.3
13.07.2019 00:00;11.7
12.07.2019 21:00;13.3
12.07.2019 18:00;13.5
12.07.2019 15:00;15.4
12.07.2019 12:00;13.5
12.07.2019 09:00;12.2
12.07.2019 06:00;11.1
12.07.2019 03:00;11.3
12.07.2019 00:00;11.9
11.07.2019 21:00;13.6
11.07.2019 18:00;15.2
11.07.2019 15:00;15.7
11.07.2019 12:00;17.1
11.07.2019 09:00;15.1
11.07.2019 06:00;13.8
11.07.2019 03:00;13
11.07.2019 00:00;13.5
10.07.2019 21:00;14.6
10.07.2019 18:00;15.6
10.07.2019 15:00;18.9
10.07.2019 12:00;17.4
10.07.2019 09:00;16.6
10.07.2019 06:00;13.1
10.07.2019 03:00;13
10.07.2019 00:00;15.8
09.07.2019 21:00;17
09.07.2019 18:00;20.2
09.07.2019 15:00;21.8
09.07.2019 12:00;20
09.07.2019 09:00;17.9
09.07.2019 06:00;13.1
09.07.2019 03:00;11.5
09.07.2019 00:00;13.5
08.07.2019 21:00;17.5
08.07.2019 18:00;18.8
08.07.2019 15:00;21.8
08.07.2019 12:00;17.4
08.07.2019 09:00;18.1
08.07.2019 06:00;15.1
08.07.2019 03:00;14.1
08.07.2019 00:00;14.7
07.07.2019 21:00;15.6
07.07.2019 18:00;19.1
07.07.2019 15:00;18.9
07.07.2019 12:00;15.3
07.07.2019 09:00;13
07.07.2019 06:00;10.9
07.07.2019 03:00;10.6
07.07.2019 00:00;12.1
06.07.2019 21:00;13.5
06.07.2019 18:00;15.2
06.07.2019 15:00;18.5
06.07.2019 12:00;17.2
06.07.2019 09:00;13.5
06.07.2019 06:00;12.4
06.07.2019 03:00;12.9
06.07.2019 00:00;15
05.07.2019 21:00;16.6
05.07.2019 18:00;18.1
05.07.2019 15:00;19.3
05.07.2019 12:00;18
05.07.2019 09:00;15.9
05.07.2019 06:00;11.1
05.07.2019 03:00;11.2
05.07.2019 00:00;11.2
04.07.2019 21:00;15
04.07.2019 18:00;17.1
04.07.2019 15:00;16.1
04.07.2019 12:00;14.9
04.07.2019 09:00;14
04.07.2019 06:00;10.8
04.07.2019 03:00;11.3
04.07.2019 00:00;12.8
03.07.2019 21:00;13.3
03.07.2019 18:00;14.8
03.07.2019 15:00;18.5
03.07.2019 12:00;18.5
03.07.2019 09:00;17.7
03.07.2019 06:00;15.2
03.07.2019 03:00;13.1
03.07.2019 00:00;15.1
02.07.2019 21:00;17.3
02.07.2019 18:00;18
02.07.2019 15:00;18.2
02.07.2019 12:00;22.1
02.07.2019 09:00;21
02.07.2019 06:00;18.1
02.07.2019 03:00;18
02.07.2019 00:00;20.9
01.07.2019 21:00;23.6
01.07.2019 18:00;25.6
01.07.2019 15:00;24.2
01.07.2019 12:00;21.6
01.07.2019 09:00;20.6
01.07.2019 06:00;12.3
01.07.2019 03:00;10.8
01.07.2019 00:00;13.3
30.06.2019 21:00;16.1
30.06.2019 18:00;17.1
30.06.2019 15:00;15.7
30.06.2019 12:00;19
30.06.2019 09:00;16.9
30.06.2019 06:00;11.1
30.06.2019 03:00;10.4
30.06.2019 00:00;11.4
29.06.2019 21:00;11.8
29.06.2019 18:00;11.8
29.06.2019 15:00;10.4
29.06.2019 12:00;9.8
29.06.2019 09:00;9.1
29.06.2019 06:00;9.9
29.06.2019 03:00;11.2
29.06.2019 00:00;11.4
28.06.2019 21:00;10.7
28.06.2019 18:00;11.8
28.06.2019 15:00;11.5
28.06.2019 12:00;13
28.06.2019 09:00;14.2
28.06.2019 06:00;14.2
28.06.2019 03:00;14.3
28.06.2019 00:00;14.5
27.06.2019 21:00;14.6
27.06.2019 18:00;13.8
27.06.2019 15:00;14.3
27.06.2019 12:00;15.1
27.06.2019 09:00;15.2
27.06.2019 06:00;14.3
27.06.2019 03:00;13.1
27.06.2019 00:00;13.4
26.06.2019 21:00;13.9
26.06.2019 18:00;14.8
26.06.2019 15:00;20.3
26.06.2019 12:00;20.9
26.06.2019 09:00;19.6
26.06.2019 06:00;16
26.06.2019 03:00;14.5
26.06.2019 00:00;14.9
25.06.2019 21:00;20.3
25.06.2019 18:00;21.4
25.06.2019 15:00;21.7
25.06.2019 12:00;21.8
25.06.2019 09:00;19.6
25.06.2019 06:00;16.5
25.06.2019 03:00;13.7
25.06.2019 00:00;18.4
24.06.2019 21:00;21.8
24.06.2019 18:00;23.8
24.06.2019 15:00;24.5
24.06.2019 12:00;23.3
24.06.2019 09:00;21.2
24.06.2019 06:00;16.9
24.06.2019 03:00;17.8
24.06.2019 00:00;19.5
23.06.2019 21:00;20.6
23.06.2019 18:00;23.2
23.06.2019 15:00;24
23.06.2019 12:00;24.4
23.06.2019 09:00;20.7
23.06.2019 06:00;19.5
23.06.2019 03:00;19.3
23.06.2019 00:00;22.1
22.06.2019 21:00;26.1
22.06.2019 18:00;27.8
22.06.2019 15:00;28.8
22.06.2019 12:00;28.8
22.06.2019 09:00;24.8
22.06.2019 06:00;22
22.06.2019 03:00;22.9
22.06.2019 00:00;21.5
21.06.2019 21:00;24.6
21.06.2019 18:00;28.6
21.06.2019 15:00;29.4
21.06.2019 12:00;28.9
21.06.2019 09:00;27.1
21.06.2019 06:00;18.9
21.06.2019 03:00;18.2
21.06.2019 00:00;21.2
20.06.2019 21:00;23.8
20.06.2019 18:00;29.2
20.06.2019 15:00;28.7
20.06.2019 12:00;28.1
20.06.2019 09:00;26.4
20.06.2019 06:00;18.2
20.06.2019 03:00;17.2
20.06.2019 00:00;19
19.06.2019 21:00;22.6
19.06.2019 18:00;26.5
19.06.2019 15:00;27
19.06.2019 12:00;25.3
19.06.2019 09:00;23.5
19.06.2019 06:00;17.9
19.06.2019 03:00;17
19.06.2019 00:00;20.6
18.06.2019 21:00;22.1
18.06.2019 18:00;25.2
18.06.2019 15:00;24.6
18.06.2019 12:00;24.1
18.06.2019 09:00;20.8
18.06.2019 06:00;18.2
18.06.2019 03:00;19.6
18.06.2019 00:00;20.6
17.06.2019 21:00;22.1
17.06.2019 18:00;25.8
17.06.2019 15:00;26
17.06.2019 12:00;24.2
17.06.2019 09:00;21.4
17.06.2019 06:00;15.9
17.06.2019 03:00;12.5
17.06.2019 00:00;13.8
16.06.2019 21:00;17.6
16.06.2019 18:00;21.4
16.06.2019 15:00;20.9
16.06.2019 12:00;17.4
16.06.2019 09:00;16.5
16.06.2019 06:00;15.3
16.06.2019 03:00;13.5
16.06.2019 00:00;13.7
15.06.2019 21:00;16.4
15.06.2019 18:00;19
15.06.2019 15:00;20.2
15.06.2019 12:00;17.6
15.06.2019 09:00;14.8
15.06.2019 06:00;13.3
15.06.2019 03:00;14
15.06.2019 00:00;15.8
14.06.2019 21:00;19.5
14.06.2019 18:00;20.2
14.06.2019 15:00;16.2
14.06.2019 12:00;19.5
14.06.2019 09:00;19
14.06.2019 06:00;14.7
14.06.2019 03:00;10.9
14.06.2019 00:00;13.6
13.06.2019 21:00;16.6
13.06.2019 18:00;19.6
13.06.2019 15:00;19
13.06.2019 12:00;16.1
13.06.2019 09:00;12.5
13.06.2019 06:00;9.3
13.06.2019 03:00;11.7
13.06.2019 00:00;15.9
12.06.2019 21:00;18.7
12.06.2019 18:00;19.7
12.06.2019 15:00;20.9
12.06.2019 12:00;24.4
12.06.2019 09:00;24
12.06.2019 06:00;17.9
12.06.2019 03:00;15.3
12.06.2019 00:00;17.6
11.06.2019 21:00;24.2
11.06.2019 18:00;26.9
11.06.2019 15:00;27.4
11.06.2019 12:00;26.5
11.06.2019 09:00;23.6
11.06.2019 06:00;19.4
11.06.2019 03:00;15.7
11.06.2019 00:00;18.7
10.06.2019 21:00;23.8
10.06.2019 18:00;25.9
10.06.2019 15:00;26.1
10.06.2019 12:00;26
10.06.2019 09:00;24
10.06.2019 06:00;19.8
10.06.2019 03:00;18.2
10.06.2019 00:00;23.1
09.06.2019 21:00;25.2
09.06.2019 18:00;28.9
09.06.2019 15:00;30.1
09.06.2019 12:00;28.9
09.06.2019 09:00;28.2
09.06.2019 06:00;19.9
09.06.2019 03:00;17.8
09.06.2019 00:00;19.6
08.06.2019 21:00;24.7
08.06.2019 18:00;28.7
08.06.2019 15:00;29.8
08.06.2019 12:00;29.9
08.06.2019 09:00;27.8
08.06.2019 06:00;20.2
08.06.2019 03:00;17.5
08.06.2019 00:00;19
07.06.2019 21:00;23.7
07.06.2019 18:00;29.6
07.06.2019 15:00;30.6
07.06.2019 12:00;29.4
07.06.2019 09:00;27.1
07.06.2019 06:00;17.4
07.06.2019 03:00;15
07.06.2019 00:00;17.7
06.06.2019 21:00;22.7
06.06.2019 18:00;28
06.06.2019 15:00;28.7
06.06.2019 12:00;26.7
06.06.2019 09:00;24.6
06.06.2019 06:00;15.9
06.06.2019 03:00;14
06.06.2019 00:00;17.6
05.06.2019 21:00;20.7
05.06.2019 18:00;25.6
05.06.2019 15:00;26
05.06.2019 12:00;24.1
05.06.2019 09:00;21.5
05.06.2019 06:00;13.8
05.06.2019 03:00;11.7
05.06.2019 00:00;15.7
04.06.2019 21:00;19.3
04.06.2019 18:00;23
04.06.2019 15:00;22.8
04.06.2019 12:00;21.2
04.06.2019 09:00;18.6
04.06.2019 06:00;11.3
04.06.2019 03:00;8.8
04.06.2019 00:00;10.8
03.06.2019 21:00;16.9
03.06.2019 18:00;19.2
03.06.2019 15:00;19.5
03.06.2019 12:00;16.6
03.06.2019 09:00;18.1
03.06.2019 06:00;16.4
03.06.2019 03:00;14.9
03.06.2019 00:00;19
02.06.2019 21:00;21.4
02.06.2019 18:00;24.5
02.06.2019 15:00;25.6
02.06.2019 12:00;23.9
02.06.2019 09:00;18.5
02.06.2019 06:00;13.8
02.06.2019 03:00;10.1
02.06.2019 00:00;12.6
01.06.2019 21:00;18.5
01.06.2019 18:00;20.4
01.06.2019 15:00;20.4
01.06.2019 12:00;20.9
01.06.2019 09:00;19.7
01.06.2019 06:00;15.6
01.06.2019 03:00;14.7
01.06.2019 00:00;16.6
31.05.2019 21:00;19.9
31.05.2019 18:00;23.1
31.05.2019 15:00;21.9
31.05.2019 12:00;18.6
31.05.2019 09:00;16.8
31.05.2019 06:00;15.3
31.05.2019 03:00;15.8
31.05.2019 00:00;16.5
30.05.2019 21:00;18.7
30.05.2019 18:00;19.9
30.05.2019 15:00;28.3
30.05.2019 12:00;27.1
30.05.2019 09:00;24.6
30.05.2019 06:00;21.1
30.05.2019 03:00;20.1
30.05.2019 00:00;22.4
29.05.2019 21:00;24.4
29.05.2019 18:00;27.4
29.05.2019 15:00;29
29.05.2019 12:00;27.6
29.05.2019 09:00;24.1
29.05.2019 06:00;20.2
29.05.2019 03:00;19.8
29.05.2019 00:00;21.6
28.05.2019 21:00;23.1
28.05.2019 18:00;27.1
28.05.2019 15:00;28.1
28.05.2019 12:00;26.1
28.05.2019 09:00;22.3
28.05.2019 06:00;17
28.05.2019 03:00;16.8
28.05.2019 00:00;17.7
27.05.2019 21:00;17.6
27.05.2019 18:00;20.2
27.05.2019 15:00;20
27.05.2019 12:00;18.5
27.05.2019 09:00;17.2
27.05.2019 06:00;13
27.05.2019 03:00;13.6
27.05.2019 00:00;15.4
26.05.2019 21:00;17.1
26.05.2019 18:00;21
26.05.2019 15:00;23.6
26.05.2019 12:00;21.8
26.05.2019 09:00;17
26.05.2019 06:00;15.6
26.05.2019 03:00;15.4
26.05.2019 00:00;16.4
25.05.2019 21:00;17.3
25.05.2019 18:00;18.7
25.05.2019 15:00;18.5
25.05.2019 12:00;17.8
25.05.2019 09:00;14.7
25.05.2019 06:00;12.5
25.05.2019 03:00;13.5
25.05.2019 00:00;11.8
24.05.2019 21:00;13.8
24.05.2019 18:00;16.8
24.05.2019 15:00;16.4
24.05.2019 12:00;13.1
24.05.2019 09:00;10.6
24.05.2019 06:00;14.6
24.05.2019 03:00;11
24.05.2019 00:00;13.5
23.05.2019 21:00;16.9
23.05.2019 18:00;18.7
23.05.2019 15:00;18.4
23.05.2019 12:00;22.8
23.05.2019 09:00;21.2
23.05.2019 06:00;15.7
23.05.2019 03:00;14
23.05.2019 00:00;17.4
22.05.2019 21:00;20.1
22.05.2019 18:00;24.9
22.05.2019 15:00;25.9
22.05.2019 12:00;24.6
22.05.2019 09:00;21.7
22.05.2019 06:00;13.8
22.05.2019 03:00;17.1
22.05.2019 00:00;19.3
21.05.2019 21:00;19.9
21.05.2019 18:00;24.2
21.05.2019 15:00;24.7
21.05.2019 12:00;20
21.05.2019 09:00;16.4
21.05.2019 06:00;10.7
21.05.2019 03:00;9.6
21.05.2019 00:00;11.6
20.05.2019 21:00;15.7
20.05.2019 18:00;21.4
20.05.2019 15:00;21.5
20.05.2019 12:00;19.1
20.05.2019 09:00;17.2
20.05.2019 06:00;9.1
20.05.2019 03:00;7.3
20.05.2019 00:00;12.1
19.05.2019 21:00;16.8
19.05.2019 18:00;20.1
19.05.2019 15:00;20.7
19.05.2019 12:00;19.1
19.05.2019 09:00;16.3
19.05.2019 06:00;11.2
19.05.2019 03:00;11.1
19.05.2019 00:00;11.6
18.05.2019 21:00;15
18.05.2019 18:00;20.3
18.05.2019 15:00;20.4
18.05.2019 12:00;18.9
18.05.2019 09:00;16.4
18.05.2019 06:00;10.1
18.05.2019 03:00;8.6
18.05.2019 00:00;10.1
17.05.2019 21:00;12.9
17.05.2019 18:00;18.8
17.05.2019 15:00;18.4
17.05.2019 12:00;16.7
17.05.2019 09:00;14.4
17.05.2019 06:00;7.4
17.05.2019 03:00;8.6
17.05.2019 00:00;11
16.05.2019 21:00;13.3
16.05.2019 18:00;16.7
16.05.2019 15:00;17.7
16.05.2019 12:00;16.4
16.05.2019 09:00;12.5
16.05.2019 06:00;9
16.05.2019 03:00;9.8
16.05.2019 00:00;12.5
15.05.2019 21:00;14.9
15.05.2019 18:00;16.2
15.05.2019 15:00;20.1
15.05.2019 12:00;21.4
15.05.2019 09:00;18.5
15.05.2019 06:00;14.5
15.05.2019 03:00;13.7
15.05.2019 00:00;14.8
14.05.2019 21:00;17.4
14.05.2019 18:00;19.1
14.05.2019 15:00;17.8
14.05.2019 12:00;17.1
14.05.2019 09:00;14.7
14.05.2019 06:00;13.7
14.05.2019 03:00;14.6
14.05.2019 00:00;16.1
13.05.2019 21:00;18
13.05.2019 18:00;19.9
13.05.2019 15:00;20.6
13.05.2019 12:00;17.1
13.05.2019 09:00;14.7
13.05.2019 06:00;14.6
13.05.2019 03:00;14.2
13.05.2019 00:00;17
12.05.2019 21:00;17.4
12.05.2019 18:00;20.9
12.05.2019 15:00;22
12.05.2019 12:00;20
12.05.2019 09:00;18.1
12.05.2019 06:00;10.9
12.05.2019 03:00;11
12.05.2019 00:00;14.6
11.05.2019 21:00;15.3
11.05.2019 18:00;18.5
11.05.2019 15:00;19.4
11.05.2019 12:00;18
11.05.2019 09:00;21.2
11.05.2019 06:00;19.8
11.05.2019 03:00;20
11.05.2019 00:00;18.8
10.05.2019 21:00;18.2
10.05.2019 18:00;24.3
10.05.2019 15:00;23.8
10.05.2019 12:00;24.2
10.05.2019 09:00;18
10.05.2019 06:00;15.2
10.05.2019 03:00;14.6
10.05.2019 00:00;15.5
09.05.2019 21:00;15
09.05.2019 18:00;15.7
09.05.2019 15:00;21.7
09.05.2019 12:00;14.7
09.05.2019 09:00;11.3
09.05.2019 06:00;10.6
09.05.2019 03:00;11.2
09.05.2019 00:00;11.8
08.05.2019 21:00;12
08.05.2019 18:00;20.5
08.05.2019 15:00;21.9
08.05.2019 12:00;16
08.05.2019 09:00;20.1
08.05.2019 06:00;15.1
08.05.2019 03:00;12.1
08.05.2019 00:00;14.3
07.05.2019 21:00;18.4
07.05.2019 18:00;23.9
07.05.2019 15:00;24.2
07.05.2019 12:00;24.6
07.05.2019 09:00;21.6
07.05.2019 06:00;9
07.05.2019 03:00;8.9
07.05.2019 00:00;10.9
06.05.2019 21:00;15.3
06.05.2019 18:00;23.4
06.05.2019 15:00;23.3
06.05.2019 12:00;23.3
06.05.2019 09:00;19.5
06.05.2019 06:00;9.7
06.05.2019 03:00;9.9
06.05.2019 00:00;13.9
05.05.2019 21:00;13.3
05.05.2019 18:00;16.4
05.05.2019 15:00;21.5
05.05.2019 12:00;19.4
05.05.2019 09:00;14.2
05.05.2019 06:00;5.7
05.05.2019 03:00;4.9
05.05.2019 00:00;7.1
04.05.2019 21:00;10.3
04.05.2019 18:00;14.1
04.05.2019 15:00;13.9
04.05.2019 12:00;11.6
04.05.2019 09:00;9.2
04.05.2019 06:00;5.6
04.05.2019 03:00;7.9
04.05.2019 00:00;8.9
03.05.2019 21:00;9
03.05.2019 18:00;15.4
03.05.2019 15:00;14.7
03.05.2019 12:00;13.7
03.05.2019 09:00;12.6
03.05.2019 06:00;9
03.05.2019 03:00;9.5
03.05.2019 00:00;9
02.05.2019 21:00;8.3
02.05.2019 18:00;11
02.05.2019 15:00;10
02.05.2019 12:00;8.3
02.05.2019 09:00;6.1
02.05.2019 06:00;5.6
02.05.2019 03:00;7.8
02.05.2019 00:00;10.4
01.05.2019 21:00;12.7
01.05.2019 18:00;14.5
01.05.2019 15:00;15.7
01.05.2019 12:00;13.9
01.05.2019 09:00;12.6
01.05.2019 06:00;1.7
01.05.2019 03:00;1.8
01.05.2019 00:00;4.1
30.04.2019 21:00;7.5
30.04.2019 18:00;12.7
30.04.2019 15:00;12.9
30.04.2019 12:00;10.8
30.04.2019 09:00;7.7
30.04.2019 06:00;1.8
30.04.2019 03:00;3.4
30.04.2019 00:00;5.2
29.04.2019 21:00;7.9
29.04.2019 18:00;10
29.04.2019 15:00;9.7
29.04.2019 12:00;8.3
29.04.2019 09:00;6
29.04.2019 06:00;1.6
29.04.2019 03:00;2.1
29.04.2019 00:00;4.2
28.04.2019 21:00;7.1
28.04.2019 18:00;10.2
28.04.2019 15:00;11.7
28.04.2019 12:00;9.4
28.04.2019 09:00;6.4
28.04.2019 06:00;10.3
28.04.2019 03:00;14.3
28.04.2019 00:00;15
27.04.2019 21:00;17
27.04.2019 18:00;22.2
27.04.2019 15:00;21.3
27.04.2019 12:00;22.7
27.04.2019 09:00;17.8
27.04.2019 06:00;10.9
27.04.2019 03:00;12.5
27.04.2019 00:00;15
26.04.2019 21:00;19.2
26.04.2019 18:00;21.2
26.04.2019 15:00;22.2
26.04.2019 12:00;20.9
26.04.2019 09:00;18
26.04.2019 06:00;10.3
26.04.2019 03:00;13.3
26.04.2019 00:00;15.8
25.04.2019 21:00;18
25.04.2019 18:00;22.6
25.04.2019 15:00;23.5
25.04.2019 12:00;22.4
25.04.2019 09:00;18.9
25.04.2019 06:00;8.5
25.04.2019 03:00;10
25.04.2019 00:00;11.6
24.04.2019 21:00;15.6
24.04.2019 18:00;21.8
24.04.2019 15:00;22.3
24.04.2019 12:00;20.9
24.04.2019 09:00;17.1
24.04.2019 06:00;7.2
24.04.2019 03:00;9.1
24.04.2019 00:00;12.3
23.04.2019 21:00;14.3
23.04.2019 18:00;17.8
23.04.2019 15:00;17.6
23.04.2019 12:00;17
23.04.2019 09:00;15
23.04.2019 06:00;6.8
23.04.2019 03:00;7.9
23.04.2019 00:00;8.9
22.04.2019 21:00;12.4
22.04.2019 18:00;17.9
22.04.2019 15:00;17.5
22.04.2019 12:00;16.3
22.04.2019 09:00;13
22.04.2019 06:00;3.5
22.04.2019 03:00;4.2
22.04.2019 00:00;7.1
21.04.2019 21:00;10.4
21.04.2019 18:00;16.2
21.04.2019 15:00;17.2
21.04.2019 12:00;16.1
21.04.2019 09:00;11.1
21.04.2019 06:00;7.1
21.04.2019 03:00;7.3
21.04.2019 00:00;7.9
20.04.2019 21:00;9.7
20.04.2019 18:00;11.9
20.04.2019 15:00;12.4
20.04.2019 12:00;12.8
20.04.2019 09:00;10.4
20.04.2019 06:00;2.7
20.04.2019 03:00;1.8
20.04.2019 00:00;3.6
19.04.2019 21:00;7
19.04.2019 18:00;11.5
19.04.2019 15:00;12.4
19.04.2019 12:00;10.6
19.04.2019 09:00;6
19.04.2019 06:00;0.9
19.04.2019 03:00;4.4
19.04.2019 00:00;6.4
18.04.2019 21:00;8.1
18.04.2019 18:00;10.3
18.04.2019 15:00;10.6
18.04.2019 12:00;10.6
18.04.2019 09:00;9.8
18.04.2019 06:00;0.5
18.04.2019 03:00;1.7
18.04.2019 00:00;3.6
17.04.2019 21:00;7.5
17.04.2019 18:00;10.4
17.04.2019 15:00;10.8
17.04.2019 12:00;9.1
17.04.2019 09:00;6.6
17.04.2019 06:00;2.5
17.04.2019 03:00;4.1
17.04.2019 00:00;4.5
16.04.2019 21:00;8.3
16.04.2019 18:00;11.6
16.04.2019 15:00;12.9
16.04.2019 12:00;12
16.04.2019 09:00;8.2
16.04.2019 06:00;-0.4
16.04.2019 03:00;1.2
16.04.2019 00:00;5
15.04.2019 21:00;7.8
15.04.2019 18:00;11.8
15.04.2019 15:00;12.5
15.04.2019 12:00;9.1
15.04.2019 09:00;3.4
15.04.2019 06:00;1.6
15.04.2019 03:00;0.8
15.04.2019 00:00;0.7
14.04.2019 21:00;1.1
14.04.2019 18:00;1.8
14.04.2019 15:00;3.1
14.04.2019 12:00;4.2
14.04.2019 09:00;2.9
14.04.2019 06:00;1.7
14.04.2019 03:00;2.6
14.04.2019 00:00;4.3
13.04.2019 21:00;5.6
13.04.2019 18:00;6.6
13.04.2019 15:00;6.9
13.04.2019 12:00;5.2
13.04.2019 09:00;2.2
13.04.2019 06:00;0.7
13.04.2019 03:00;1.5
13.04.2019 00:00;2.9
12.04.2019 21:00;4.6
12.04.2019 18:00;6
12.04.2019 15:00;5.6
12.04.2019 12:00;5
12.04.2019 09:00;3
12.04.2019 06:00;2.7
12.04.2019 03:00;3.6
12.04.2019 00:00;5.9
11.04.2019 21:00;7.6
11.04.2019 18:00;10
11.04.2019 15:00;10.5
11.04.2019 12:00;8.5
11.04.2019 09:00;3.7
11.04.2019 06:00;-0.8
11.04.2019 03:00;0.9
11.04.2019 00:00;3.8
10.04.2019 21:00;6.2
10.04.2019 18:00;10
10.04.2019 15:00;12.6
10.04.2019 12:00;13.3
10.04.2019 09:00;10.7
10.04.2019 06:00;7.6
10.04.2019 03:00;7.2
10.04.2019 00:00;7.8
09.04.2019 21:00;12.2
09.04.2019 18:00;16.9
09.04.2019 15:00;17.8
09.04.2019 12:00;14
09.04.2019 09:00;9.3
09.04.2019 06:00;8.8
09.04.2019 03:00;10
09.04.2019 00:00;11.1
08.04.2019 21:00;10.9
08.04.2019 18:00;9.7
08.04.2019 15:00;7.9
08.04.2019 12:00;8
08.04.2019 09:00;4.8
08.04.2019 06:00;3.4
08.04.2019 03:00;3.5
08.04.2019 00:00;4.3
07.04.2019 21:00;4
07.04.2019 18:00;8.8
07.04.2019 15:00;7.9
07.04.2019 12:00;7.9
07.04.2019 09:00;4.6
07.04.2019 06:00;-2
07.04.2019 03:00;-1.2
07.04.2019 00:00;-0.2
06.04.2019 21:00;3
06.04.2019 18:00;5.4
06.04.2019 15:00;7.6
06.04.2019 12:00;6.2
06.04.2019 09:00;3.3
06.04.2019 06:00;2.9
06.04.2019 03:00;2.7
06.04.2019 00:00;3.4
05.04.2019 21:00;4.9
05.04.2019 18:00;6.4
05.04.2019 15:00;9.3
05.04.2019 12:00;9
05.04.2019 09:00;3.3
05.04.2019 06:00;-2.2
05.04.2019 03:00;-1.1
05.04.2019 00:00;1
04.04.2019 21:00;5.4
04.04.2019 18:00;8.6
04.04.2019 15:00;10.5
04.04.2019 12:00;9.5
04.04.2019 09:00;3.4
04.04.2019 06:00;-1.6
04.04.2019 03:00;-1.1
04.04.2019 00:00;2.6
03.04.2019 21:00;4.7
03.04.2019 18:00;8.1
03.04.2019 15:00;9.2
03.04.2019 12:00;8
03.04.2019 09:00;4.3
03.04.2019 06:00;-3
03.04.2019 03:00;-1.4
03.04.2019 00:00;-0.8
02.04.2019 21:00;2
02.04.2019 18:00;6.2
02.04.2019 15:00;6.8
02.04.2019 12:00;5.6
02.04.2019 09:00;1
02.04.2019 06:00;-0.9
02.04.2019 03:00;-0.4
02.04.2019 00:00;0.4
01.04.2019 21:00;1.4
01.04.2019 18:00;2.3
01.04.2019 15:00;3.5
01.04.2019 12:00;3.8
01.04.2019 09:00;4.3
01.04.2019 06:00;3.6
01.04.2019 03:00;5.9
01.04.2019 00:00;8.3
